{
  "display": {
    "icon": {
      "id": "minecraft:cobblestone"
    },
    "title": "Detect Death",
    "description": "a",
    "frame": "task",
    "show_toast": false,
    "announce_to_chat": true,
    "hidden": true
  },
  "parent": "minecraft:adventure/avoid_vibration",
  "criteria": {
    "requirement": {
      "trigger": "minecraft:entity_hurt_player",
      "conditions": {
        "player": {
          "nbt": "{Health:0f}"
        }
      }
    }
  },
  "requirements": [
    [
      "requirement"
    ]
  ],
  "rewards": {
    "function": "selkeepinv:on_death",
    "experience": 0
  },
  "sends_telemetry_event": true
}
